Overijssel,Kop van Overijssel
Overijssel,Zwolle
Overijssel,Hengelo Enschede
Overijssel,Almelo Tubbergen
Overijssel,Hardenberg
Overijssel,Raalte
Zuid-Holland,De Bollenstreek
Zuid-Holland,Gouda
Zuid-Holland,Westland
Zuid-Holland,Brielle Goeree
Zuid-Holland,Rotterdam
Zuid-Holland,Dordrecht
Zuid-Holland,Alphen
Zuid-Holland,Leiden
Zuid-Holland,Delft
Zuid-Holland,Den Haag
Limburg,Zuid-Limburg
Limburg,Roermond
Limburg,Noord-Limburg
Limburg,Weert
Utrecht,Ede
Utrecht,Bunnik Zeist
Utrecht,Woerden
Utrecht,Utrecht
Utrecht,Amersfoort
Utrecht,Het Gooi
Zeeland,Zeeuwse Eilanden
Zeeland,Zeeuws-Vlaanderen
Noord Brabant,Noordoost-Brabant
Noord Brabant,Den Bosch
Noord Brabant,Oss
Noord Brabant,Zuidoost-Brabant
Noord Brabant,Uden
Noord Brabant,Bergen op Zoom
Noord Brabant,Breda
Noord Brabant,Gorinchem
Noord Brabant,Waalwijk Drunen
Noord Brabant,Eindhoven
Noord Brabant,Tilburg Oirschot
Noord Brabant,West-Brabant
Groningen,Noordoost-Groningen
Groningen,Slochteren
Noord-Holland,Haarlemmermeer
Noord-Holland,Kop van Noord-Holland
Noord-Holland,Midden-Kennemerland
Noord-Holland,Amsterdam
Noord-Holland,Zaanstreek
Noord-Holland,Zuid-Kennemerland
Noord-Holland,Den Helder Texel
Noord-Holland,West-Friesland
Noord-Holland,Noord-Kennemerland
Noord-Holland,Waterland
Gelderland,Barneveld
Gelderland,Ruurlo Eibergen
Gelderland,Zutphen
Gelderland,Doetinchem
Gelderland,Culemborg Dodewaard
Gelderland,Nunspeet
Gelderland,Duiven Westervoort
Gelderland,Arnhem
Gelderland,Nijmegen
Gelderland,Apeldoorn
Gelderland,Elst
Friesland,Noordwest-Friesland
Friesland,Zuid-Friesland
Friesland,Oost-Friesland
Friesland,Zuidwest-Friesland
Friesland,Opsterland
Drenthe,Zuidoost-Drenthe
Drenthe,Noord-Drenthe
Drenthe,Zuidoost-Groningen
Drenthe,Stad Groningen
Drenthe,Grootegast
Drenthe,Zuidwest-Drenthe
Flevoland,Lelystad
Flevoland,Almere
